-- phpMyAdmin SQL Dump
-- version 5.2.1
-- https://www.phpmyadmin.net/
--
-- Hôte : localhost:3306
-- Généré le : mar. 09 avr. 2024 à 06:57
-- Version du serveur : 8.0.30
-- Version de PHP : 8.2.17

SET SQL_MODE = "NO_AUTO_VALUE_ON_ZERO";
START TRANSACTION;
SET time_zone = "+00:00";


/*!40101 SET @OLD_CHARACTER_SET_CLIENT=@@CHARACTER_SET_CLIENT */;
/*!40101 SET @OLD_CHARACTER_SET_RESULTS=@@CHARACTER_SET_RESULTS */;
/*!40101 SET @OLD_COLLATION_CONNECTION=@@COLLATION_CONNECTION */;
/*!40101 SET NAMES utf8mb4 */;

--
-- Base de données : `venteapp`
--
CREATE DATABASE IF NOT EXISTS `ventebdd` DEFAULT CHARACTER SET utf8mb4 COLLATE utf8mb4_0900_ai_ci;
USE `venteapp`;

-- --------------------------------------------------------

--
-- Structure de la table `approvisionnements`
--

CREATE TABLE `approvisionnements` (
  `id` bigint UNSIGNED NOT NULL,
  `quantite` decimal(30,2) NOT NULL,
  `prix` decimal(30,2) NOT NULL,
  `prix_total` decimal(30,2) NOT NULL,
  `article_id` bigint UNSIGNED NOT NULL,
  `created_at` timestamp NULL DEFAULT NULL,
  `updated_at` timestamp NULL DEFAULT NULL
) ENGINE=InnoDB DEFAULT CHARSET=utf8mb4 COLLATE=utf8mb4_unicode_ci;

--
-- Déchargement des données de la table `approvisionnements`
--

INSERT INTO `approvisionnements` (`id`, `quantite`, `prix`, `prix_total`, `article_id`, `created_at`, `updated_at`) VALUES
(6, 40.00, 1500.00, 60000.00, 5, '2024-03-28 18:31:06', '2024-03-30 21:28:41'),
(7, 20.00, 4460.00, 89200.00, 6, '2024-03-28 18:33:47', '2024-03-28 19:31:58'),
(8, 24.00, 4120.00, 98880.00, 7, '2024-03-28 18:36:30', '2024-03-28 19:33:33'),
(9, 24.00, 4525.00, 108600.00, 8, '2024-03-28 18:39:16', '2024-03-28 18:47:35'),
(10, 24.00, 4525.00, 108600.00, 9, '2024-03-28 18:40:21', '2024-03-28 18:48:42'),
(11, 24.00, 7950.00, 190800.00, 10, '2024-03-28 18:42:48', '2024-03-28 18:49:02'),
(12, 24.00, 8500.00, 204000.00, 11, '2024-03-28 18:51:47', '2024-03-28 18:52:11'),
(13, 50.00, 1785.00, 89250.00, 12, '2024-03-28 18:54:14', '2024-03-28 18:54:14'),
(14, 24.00, 8590.00, 206160.00, 13, '2024-03-28 18:56:36', '2024-03-28 18:56:36'),
(15, 6.00, 17640.00, 105840.00, 14, '2024-03-28 18:59:06', '2024-03-28 18:59:06'),
(16, 6.00, 72410.00, 434460.00, 15, '2024-03-28 19:03:43', '2024-03-28 19:03:43'),
(17, 24.00, 3110.00, 74640.00, 20, '2024-03-28 19:05:25', '2024-03-28 19:05:25'),
(18, 24.00, 3110.00, 74640.00, 21, '2024-03-28 19:06:19', '2024-03-28 19:06:19'),
(19, 24.00, 6475.00, 155400.00, 22, '2024-03-28 19:08:17', '2024-03-28 19:08:17'),
(20, 24.00, 4935.00, 118440.00, 22, '2024-03-28 19:09:44', '2024-03-28 19:09:44'),
(21, 24.00, 1855.00, 44520.00, 24, '2024-03-28 19:11:52', '2024-03-28 19:11:52'),
(22, 192.00, 465.00, 89280.00, 25, '2024-03-28 19:14:52', '2024-03-28 19:14:52'),
(23, 360.00, 390.00, 140400.00, 26, '2024-03-28 19:17:32', '2024-03-28 19:17:32'),
(24, 400.00, 210.00, 84000.00, 22, '2024-03-28 19:18:35', '2024-03-28 19:18:35'),
(25, 384.00, 545.00, 209280.00, 28, '2024-03-28 19:20:47', '2024-03-28 19:20:47'),
(26, 12.00, 4640.00, 55680.00, 29, '2024-03-28 19:22:05', '2024-03-28 19:22:05'),
(27, 48.00, 1395.00, 66960.00, 30, '2024-03-28 19:23:31', '2024-03-28 19:23:31'),
(28, 1500.00, 350.00, 525000.00, 31, '2024-03-28 19:42:19', '2024-03-28 19:42:19'),
(29, 24.00, 5800.00, 139200.00, 32, '2024-03-28 19:46:13', '2024-03-28 19:46:13'),
(30, 24.00, 4490.00, 107760.00, 33, '2024-03-28 19:47:51', '2024-03-28 19:47:51'),
(31, 12.00, 7000.00, 84000.00, 34, '2024-03-30 19:01:52', '2024-03-30 20:21:02'),
(32, 24.00, 708.00, 16992.00, 35, '2024-03-30 19:08:28', '2024-03-30 19:08:28'),
(33, 60.00, 417.00, 25020.00, 36, '2024-03-30 19:11:10', '2024-03-30 19:11:10'),
(34, 20.00, 1500.00, 30000.00, 37, '2024-03-30 19:17:43', '2024-03-30 19:17:43'),
(35, 50.00, 1970.00, 98500.00, 38, '2024-03-30 19:20:03', '2024-03-30 19:20:03'),
(36, 12.00, 375.00, 4500.00, 39, '2024-03-30 19:22:15', '2024-03-30 19:22:15'),
(37, 72.00, 1542.00, 111024.00, 40, '2024-03-30 19:27:34', '2024-03-30 19:27:34'),
(38, 40.00, 725.00, 29000.00, 41, '2024-03-30 19:29:53', '2024-03-30 19:29:53'),
(39, 48.00, 438.00, 21024.00, 42, '2024-03-30 19:31:41', '2024-03-30 19:31:41'),
(40, 430.00, 330.00, 141900.00, 43, '2024-03-30 19:33:09', '2024-03-30 19:33:09'),
(41, 12.00, 19600.00, 235200.00, 22, '2024-03-30 19:36:18', '2024-03-30 19:36:18'),
(42, 100.00, 725.00, 72500.00, 45, '2024-03-30 19:42:01', '2024-03-30 19:54:43'),
(43, 12.00, 4000.00, 48000.00, 46, '2024-03-30 19:43:28', '2024-03-30 19:45:51'),
(44, 60.00, 850.00, 51000.00, 47, '2024-03-30 19:48:55', '2024-03-30 19:48:55'),
(45, 30.00, 383.00, 11490.00, 48, '2024-03-30 19:52:24', '2024-03-30 19:52:24'),
(46, 12.00, 19500.00, 234000.00, 44, '2024-03-30 19:57:52', '2024-03-30 19:57:52'),
(47, 100.00, 40.00, 4000.00, 49, '2024-03-30 20:04:30', '2024-03-30 20:58:24'),
(48, 12.00, 1875.00, 22500.00, 50, '2024-03-30 20:08:09', '2024-03-30 20:08:09'),
(49, 12.00, 185.00, 2220.00, 51, '2024-03-30 20:16:33', '2024-03-30 20:18:40'),
(50, 200.00, 90.00, 18000.00, 52, '2024-03-30 20:24:16', '2024-03-30 20:24:16'),
(51, 24.00, 260.00, 6240.00, 53, '2024-03-30 20:29:19', '2024-03-30 20:29:19'),
(52, 24.00, 830.00, 19920.00, 54, '2024-03-30 20:32:11', '2024-03-30 20:32:11'),
(53, 12.00, 130.00, 1560.00, 55, '2024-03-30 20:35:56', '2024-03-30 20:35:56'),
(54, 24.00, 65.00, 1560.00, 56, '2024-03-30 20:37:30', '2024-03-30 20:37:30'),
(55, 18.00, 1161.00, 20898.00, 57, '2024-03-30 20:43:47', '2024-03-30 20:43:47'),
(56, 20.00, 400.00, 8000.00, 58, '2024-03-30 20:47:12', '2024-03-30 20:47:12'),
(57, 15.00, 300.00, 4500.00, 59, '2024-03-30 20:49:59', '2024-03-30 20:49:59'),
(58, 10.00, 750.00, 7500.00, 60, '2024-03-30 20:52:58', '2024-03-30 20:52:58'),
(59, 10.00, 450.00, 4500.00, 61, '2024-03-30 20:54:02', '2024-03-30 20:54:02'),
(60, 24.00, 300.00, 7200.00, 62, '2024-03-30 20:56:29', '2024-03-30 20:56:29'),
(61, 60.00, 287.00, 17220.00, 63, '2024-03-30 21:01:12', '2024-03-30 21:01:12'),
(62, 100.00, 50.00, 5000.00, 64, '2024-03-30 21:03:13', '2024-03-30 21:03:13'),
(63, 12.00, 1200.00, 14400.00, 65, '2024-03-30 21:07:04', '2024-03-30 21:07:04'),
(64, 150.00, 500.00, 75000.00, 66, '2024-03-30 21:08:09', '2024-03-30 21:08:09'),
(65, 150.00, 50.00, 7500.00, 67, '2024-03-30 21:10:26', '2024-03-30 21:10:26'),
(66, 100.00, 80.00, 8000.00, 68, '2024-03-30 21:11:55', '2024-03-30 21:11:55'),
(67, 150.00, 50.00, 7500.00, 69, '2024-03-30 21:13:35', '2024-03-30 21:13:35'),
(68, 150.00, 50.00, 7500.00, 70, '2024-03-30 21:14:58', '2024-03-30 21:14:58'),
(69, 200.00, 291.00, 58200.00, 71, '2024-03-30 21:16:53', '2024-03-30 21:16:53'),
(70, 12.00, 257.00, 3084.00, 72, '2024-03-30 21:18:05', '2024-03-30 21:18:05'),
(71, 12.00, 420.00, 5040.00, 73, '2024-03-30 21:19:21', '2024-03-30 21:19:21'),
(72, 250.00, 30.00, 7500.00, 74, '2024-03-30 21:20:57', '2024-03-30 21:20:57'),
(73, 24.00, 667.00, 16008.00, 75, '2024-03-30 21:22:15', '2024-03-30 21:22:15'),
(74, 20.00, 300.00, 6000.00, 76, '2024-03-30 21:26:02', '2024-03-30 21:26:02'),
(75, 100.00, 45.00, 4500.00, 77, '2024-03-30 21:27:06', '2024-03-30 21:27:06'),
(76, 12.00, 7000.00, 84000.00, 78, '2024-03-30 21:37:28', '2024-03-30 21:37:28'),
(77, 24.00, 416.00, 9984.00, 79, '2024-03-30 21:39:29', '2024-03-30 21:39:29'),
(78, 24.00, 500.00, 12000.00, 80, '2024-03-30 21:41:36', '2024-03-30 21:41:36'),
(79, 12.00, 1750.00, 21000.00, 81, '2024-03-30 21:42:51', '2024-03-30 21:42:51'),
(80, 24.00, 4000.00, 96000.00, 23, '2024-03-31 11:23:27', '2024-03-31 11:23:27'),
(81, 20.00, 9200.00, 184000.00, 82, '2024-04-02 17:46:11', '2024-04-02 17:46:11'),
(82, 15.00, 720.00, 10800.00, 83, '2024-04-02 17:48:36', '2024-04-02 17:48:36'),
(83, 10.00, 1300.00, 13000.00, 84, '2024-04-02 17:50:04', '2024-04-02 17:50:04'),
(84, 29.00, 540.00, 15660.00, 85, '2024-04-02 17:52:12', '2024-04-02 17:52:41'),
(85, 50.00, 156.00, 7800.00, 86, '2024-04-02 17:57:38', '2024-04-02 17:57:38'),
(86, 120.00, 860.00, 103200.00, 87, '2024-04-02 18:00:19', '2024-04-02 18:00:19'),
(87, 60.00, 1700.00, 102000.00, 88, '2024-04-02 18:02:10', '2024-04-02 18:02:10'),
(88, 250.00, 360.00, 90000.00, 89, '2024-04-02 18:07:53', '2024-04-02 18:07:53'),
(89, 180.00, 1250.00, 225000.00, 90, '2024-04-02 18:11:06', '2024-04-02 18:11:06'),
(90, 36.00, 3270.00, 117720.00, 91, '2024-04-02 18:12:55', '2024-04-02 18:12:55'),
(91, 6.00, 11340.00, 68040.00, 92, '2024-04-02 18:14:35', '2024-04-02 18:14:35'),
(92, 0.00, 0.00, 0.00, 93, '2024-04-02 18:15:43', '2024-04-02 18:15:43'),
(93, 120.00, 1130.00, 135600.00, 94, '2024-04-02 18:17:13', '2024-04-02 18:17:13'),
(94, 72.00, 1035.00, 74520.00, 95, '2024-04-02 18:19:23', '2024-04-02 18:19:23'),
(95, 48.00, 1034.00, 49632.00, 96, '2024-04-02 18:20:49', '2024-04-02 18:20:49'),
(96, 30.00, 2590.00, 77700.00, 97, '2024-04-02 18:29:07', '2024-04-02 18:29:07'),
(97, 30.00, 2590.00, 77700.00, 98, '2024-04-02 18:30:46', '2024-04-02 18:30:46'),
(98, 120.00, 750.00, 90000.00, 99, '2024-04-02 18:32:09', '2024-04-02 18:32:09'),
(99, 30.00, 750.00, 22500.00, 100, '2024-04-02 18:34:47', '2024-04-02 18:34:47'),
(100, 120.00, 1050.00, 126000.00, 101, '2024-04-02 18:35:57', '2024-04-02 18:35:57'),
(101, 30.00, 1050.00, 31500.00, 102, '2024-04-02 18:37:25', '2024-04-02 18:37:25'),
(102, 4.00, 22000.00, 88000.00, 103, '2024-04-02 18:41:32', '2024-04-02 18:41:32'),
(103, 4.00, 24200.00, 96800.00, 104, '2024-04-02 18:42:48', '2024-04-02 18:42:48'),
(104, 6.00, 12000.00, 72000.00, 105, '2024-04-02 18:45:06', '2024-04-02 18:48:01'),
(105, 6.00, 12500.00, 75000.00, 106, '2024-04-02 18:49:31', '2024-04-02 18:49:31'),
(106, 120.00, 910.00, 109200.00, 107, '2024-04-02 18:52:35', '2024-04-02 18:52:35'),
(107, 500.00, 100.00, 50000.00, 108, '2024-04-03 17:23:20', '2024-04-03 17:23:20'),
(108, 50.00, 390.00, 19500.00, 109, '2024-04-03 17:27:16', '2024-04-03 17:27:16'),
(109, 150.00, 390.00, 58500.00, 110, '2024-04-03 17:28:46', '2024-04-03 17:28:46'),
(110, 46.00, 200.00, 9200.00, 111, '2024-04-03 17:31:04', '2024-04-04 17:54:45'),
(111, 48.00, 2600.00, 124800.00, 112, '2024-04-04 17:47:05', '2024-04-04 17:47:05'),
(112, 60.00, 708.00, 42480.00, 113, '2024-04-04 17:48:51', '2024-04-04 17:48:51'),
(113, 12.00, 14100.00, 169200.00, 114, '2024-04-04 17:50:25', '2024-04-04 17:50:25'),
(114, 24.00, 10900.00, 261600.00, 116, '2024-04-04 17:52:01', '2024-04-04 17:52:01'),
(115, 12.00, 22500.00, 270000.00, 117, '2024-04-04 17:53:13', '2024-04-04 17:53:13');

-- --------------------------------------------------------

--
-- Structure de la table `articles`
--

CREATE TABLE `articles` (
  `id` bigint UNSIGNED NOT NULL,
  `designation` varchar(255) CHARACTER SET utf8mb4 COLLATE utf8mb4_unicode_ci NOT NULL,
  `prix` decimal(30,2) NOT NULL,
  `solde` int NOT NULL DEFAULT '0',
  `category_id` bigint UNSIGNED NOT NULL,
  `created_at` timestamp NULL DEFAULT NULL,
  `updated_at` timestamp NULL DEFAULT NULL
) ENGINE=InnoDB DEFAULT CHARSET=utf8mb4 COLLATE=utf8mb4_unicode_ci;

--
-- Déchargement des données de la table `articles`
--

INSERT INTO `articles` (`id`, `designation`, `prix`, `solde`, `category_id`, `created_at`, `updated_at`) VALUES
(5, 'RONI 200g spaguetti', 1500.00, 38, 5, '2024-03-28 18:29:26', '2024-04-03 17:54:25'),
(6, 'RONI 400g spaguetti', 3000.00, 19, 5, '2024-03-28 18:33:06', '2024-04-02 19:02:39'),
(7, 'ROYAL SARDINE', 5000.00, 24, 5, '2024-03-28 18:35:29', '2024-03-31 11:15:43'),
(8, 'PILCHARDAPOLLO', 6000.00, 24, 5, '2024-03-28 18:38:43', '2024-03-31 11:17:02'),
(9, 'PILCHAR DIAMOND', 6000.00, 24, 5, '2024-03-28 18:40:02', '2024-03-31 11:17:36'),
(10, 'TEXAS gros', 9000.00, 23, 5, '2024-03-28 18:42:09', '2024-04-05 05:30:17'),
(11, 'TEXAS petit', 7000.00, 24, 5, '2024-03-28 18:50:16', '2024-03-31 11:19:35'),
(12, 'PILCHARD PETIT', 2500.00, 50, 5, '2024-03-28 18:52:54', '2024-04-01 19:58:32'),
(13, 'MAYONNAISE 500 ML', 9000.00, 16, 5, '2024-03-28 18:55:58', '2024-04-01 20:14:53'),
(14, 'MAYONNAISE 1000 ML', 19000.00, 10, 5, '2024-03-28 18:58:38', '2024-04-08 18:31:06'),
(15, 'KERRYGOLD 2.5g LAIT', 8500.00, 6, 5, '2024-03-28 19:00:25', '2024-03-31 11:21:57'),
(20, 'DIVA SUPER P', 4000.00, 24, 6, '2024-03-28 19:05:00', '2024-04-03 10:36:13'),
(21, 'DIVA PRINCESS', 4500.00, 24, 6, '2024-03-28 19:06:03', '2024-03-28 19:06:19'),
(22, 'BAYGON GM', 8000.00, 459, 6, '2024-03-28 19:07:59', '2024-03-30 21:49:51'),
(23, 'BAYGON PETIT', 6000.00, 24, 6, '2024-03-28 19:09:27', '2024-03-31 11:23:27'),
(24, 'THE PM', 2500.00, 24, 35, '2024-03-28 19:11:24', '2024-03-28 19:11:52'),
(25, 'PAMPERS BAMBI', 700.00, 192, 6, '2024-03-28 19:14:03', '2024-03-28 19:14:52'),
(26, 'Pile TOUCH', 400.00, 344, 6, '2024-03-28 19:16:17', '2024-04-01 20:14:52'),
(27, 'PILES CRAYONS SUPER POWER', 400.00, 0, 6, '2024-03-28 19:18:17', '2024-03-28 19:18:17'),
(28, 'PILES ALKALINES', 1000.00, 384, 6, '2024-03-28 19:20:21', '2024-03-28 19:20:47'),
(29, 'LINGETTE GM BAMBI', 6500.00, 12, 6, '2024-03-28 19:21:43', '2024-04-03 10:37:10'),
(30, 'LINGETTES PM BAMBI', 2500.00, 48, 6, '2024-03-28 19:22:59', '2024-03-28 19:23:31'),
(31, 'EAU', 500.00, 1445, 7, '2024-03-28 19:41:40', '2024-04-05 05:30:16'),
(32, 'OXFORD GM', 7500.00, 24, 5, '2024-03-28 19:45:34', '2024-03-28 19:46:13'),
(33, 'OXFORD PM', 6500.00, 23, 5, '2024-03-28 19:47:22', '2024-03-30 21:49:51'),
(34, 'VIN AUTUMN', 8500.00, 7, 7, '2024-03-30 19:00:32', '2024-04-05 05:30:17'),
(35, 'VINAIGRE', 1000.00, 23, 7, '2024-03-30 19:07:16', '2024-03-30 21:49:51'),
(36, 'BISCUIT VAP', 500.00, 56, 35, '2024-03-30 19:10:34', '2024-04-03 17:54:26'),
(37, 'SAVON SONA', 2000.00, 20, 8, '2024-03-30 19:15:48', '2024-03-30 19:17:43'),
(38, 'FLASH SARDINES', 2500.00, 34, 5, '2024-03-30 19:18:40', '2024-04-03 17:54:24'),
(39, 'CARTE TITANIC', 500.00, 11, 6, '2024-03-30 19:21:35', '2024-03-30 21:49:51'),
(40, 'CINTHOL', 2000.00, 71, 8, '2024-03-30 19:26:41', '2024-04-02 19:02:39'),
(41, 'SEL DE TABLE', 1500.00, 40, 35, '2024-03-30 19:28:06', '2024-03-30 19:29:53'),
(42, 'EXTRA BISCO', 500.00, 23, 35, '2024-03-30 19:30:28', '2024-04-05 05:30:17'),
(43, 'COWBELL', 500.00, 429, 35, '2024-03-30 19:32:48', '2024-04-03 17:54:25'),
(44, 'FRANCE LAIT', 22000.00, 11, 35, '2024-03-30 19:35:55', '2024-04-03 17:54:25'),
(45, 'TOMATE', 1000.00, 100, 5, '2024-03-30 19:36:58', '2024-03-30 19:54:43'),
(46, 'D\'LITE HUILE', 5000.00, 12, 35, '2024-03-30 19:42:58', '2024-03-30 19:45:51'),
(47, 'MUSKITO', 1500.00, 59, 6, '2024-03-30 19:47:32', '2024-04-02 19:02:40'),
(48, 'BOUGIE', 500.00, 27, 6, '2024-03-30 19:51:18', '2024-04-03 17:54:25'),
(49, 'ENVELOPPE', 150.00, 100, 6, '2024-03-30 20:03:20', '2024-03-30 20:58:24'),
(50, 'CIRAGE LIQUID', 2000.00, 12, 6, '2024-03-30 20:05:01', '2024-03-30 20:08:58'),
(51, 'BROSSE (Dr good)', 300.00, 12, 6, '2024-03-30 20:13:28', '2024-03-30 20:18:40'),
(52, 'BOMBON MILKIT', 150.00, 200, 35, '2024-03-30 20:23:38', '2024-03-30 20:24:16'),
(53, 'MARQUEURS', 700.00, 24, 6, '2024-03-30 20:27:47', '2024-03-30 20:29:18'),
(54, 'MAXAM', 1000.00, 24, 6, '2024-03-30 20:31:26', '2024-03-30 20:32:11'),
(55, 'FIL A COUDRE (COULEUR)', 200.00, 12, 6, '2024-03-30 20:35:15', '2024-03-30 20:35:56'),
(56, 'Fil à coudre noir', 150.00, 24, 6, '2024-03-30 20:37:08', '2024-03-30 20:39:26'),
(57, 'LIFE BUOY SAVON', 2500.00, 17, 8, '2024-03-30 20:43:25', '2024-04-03 17:54:26'),
(58, 'DORCO GILETTE', 500.00, 20, 6, '2024-03-30 20:46:42', '2024-03-30 20:47:12'),
(59, 'BIC GILETT', 500.00, 15, 6, '2024-03-30 20:48:57', '2024-03-30 20:50:38'),
(60, 'SACHET 08', 1000.00, 8, 6, '2024-03-30 20:52:30', '2024-04-05 05:30:16'),
(61, 'SACHET 05', 700.00, 10, 6, '2024-03-30 20:53:43', '2024-03-30 20:54:02'),
(62, 'BROSE ANGOLA', 500.00, 24, 6, '2024-03-30 20:56:01', '2024-03-30 20:56:29'),
(63, 'BROSSE VIP', 700.00, 59, 6, '2024-03-30 21:00:37', '2024-04-05 05:30:16'),
(64, 'CIGOME', 100.00, 87, 35, '2024-03-30 21:02:15', '2024-04-05 05:30:17'),
(65, 'COLGATE', 1500.00, 12, 6, '2024-03-30 21:03:37', '2024-03-30 21:07:03'),
(66, 'NESCAFE', 500.00, 150, 35, '2024-03-30 21:07:49', '2024-03-30 21:08:09'),
(67, 'SUPER FRESHMIN BOMBON', 150.00, 150, 35, '2024-03-30 21:09:47', '2024-03-30 21:10:25'),
(68, 'AMAZON POP BOMBON', 150.00, 100, 35, '2024-03-30 21:11:15', '2024-03-30 21:11:55'),
(69, 'SUPER BUTTERSCOTCH BOMBON', 100.00, 150, 35, '2024-03-30 21:13:10', '2024-03-30 21:13:35'),
(70, 'CRYSTAL BOMBON', 100.00, 145, 35, '2024-03-30 21:14:01', '2024-04-02 19:02:39'),
(71, 'VINNIC PILES', 400.00, 193, 6, '2024-03-30 21:15:38', '2024-04-02 19:02:39'),
(72, 'CURE-DENTS', 500.00, 12, 6, '2024-03-30 21:17:22', '2024-03-30 21:18:05'),
(73, 'TIGES COTON', 700.00, 12, 6, '2024-03-30 21:19:02', '2024-03-30 21:19:21'),
(74, 'TONGUE CIGOME', 50.00, 245, 35, '2024-03-30 21:20:34', '2024-04-05 05:30:17'),
(75, 'CIRAGE NOIR', 1000.00, 24, 6, '2024-03-30 21:21:54', '2024-03-30 21:22:15'),
(76, 'MOUCHOIRS', 500.00, 14, 6, '2024-03-30 21:24:15', '2024-04-01 20:14:52'),
(77, 'ALLUMETTE', 100.00, 100, 6, '2024-03-30 21:26:30', '2024-04-02 17:52:41'),
(78, 'CULINO MAYO', 8500.00, 11, 5, '2024-03-30 21:36:38', '2024-03-30 21:49:50'),
(79, 'BORA JUS', 500.00, 20, 7, '2024-03-30 21:39:03', '2024-04-03 17:54:26'),
(80, 'MALTI PM', 1500.00, 21, 7, '2024-03-30 21:39:50', '2024-04-02 19:02:39'),
(81, 'MALTI GM', 2000.00, 12, 7, '2024-03-30 21:41:54', '2024-03-30 21:42:51'),
(82, 'JUS YESS', 500.00, -64, 7, '2024-04-02 17:45:05', '2024-04-05 05:30:17'),
(83, 'SUPERSHAKE PM', 1000.00, 15, 7, '2024-04-02 17:47:51', '2024-04-02 17:48:36'),
(84, 'SUPERSHAKE GM', 2000.00, 9, 7, '2024-04-02 17:49:17', '2024-04-02 19:13:21'),
(85, 'JUWISY', 1000.00, 26, 7, '2024-04-02 17:51:35', '2024-04-05 05:30:17'),
(86, 'PETIT BEURE BISCUIT', 150.00, 47, 35, '2024-04-02 17:54:09', '2024-04-03 17:54:26'),
(87, 'MILKIT PM', 1000.00, 113, 7, '2024-04-02 17:58:21', '2024-04-05 05:30:16'),
(88, 'MILKIT GM', 2000.00, 57, 7, '2024-04-02 18:01:01', '2024-04-03 17:54:25'),
(89, 'BISCO BITE', 500.00, 250, 35, '2024-04-02 18:03:14', '2024-04-02 18:07:53'),
(90, 'FRUTICANA SMOOTH', 2000.00, 178, 7, '2024-04-02 18:08:32', '2024-04-05 05:30:17'),
(91, 'BOOM 500g', 4200.00, 36, 6, '2024-04-02 18:12:08', '2024-04-02 18:12:55'),
(92, 'BOOM 1,5 Kg', 13000.00, 5, 6, '2024-04-02 18:13:42', '2024-04-04 17:56:46'),
(93, 'HIPPO', 500.00, 0, 6, '2024-04-02 18:15:26', '2024-04-02 18:15:26'),
(94, 'KUNGFU B', 1500.00, 120, 7, '2024-04-02 18:16:14', '2024-04-02 18:17:39'),
(95, 'APPY', 1500.00, 70, 7, '2024-04-02 18:18:34', '2024-04-05 05:30:16'),
(96, 'BROTHERS', 1500.00, 48, 7, '2024-04-02 18:20:02', '2024-04-02 18:20:49'),
(97, 'COCA GROS', 4000.00, 30, 7, '2024-04-02 18:26:16', '2024-04-02 18:29:07'),
(98, 'FANTA GROS', 4000.00, 28, 7, '2024-04-02 18:29:57', '2024-04-05 05:30:16'),
(99, 'COCA YA MADO', 1500.00, 120, 7, '2024-04-02 18:31:07', '2024-04-02 18:32:09'),
(100, 'FANTA MADO', 1500.00, 29, 7, '2024-04-02 18:32:56', '2024-04-05 05:30:16'),
(101, 'COCA MOYEN', 2000.00, 119, 7, '2024-04-02 18:35:11', '2024-04-05 05:30:16'),
(102, 'FANTA MOYEN', 2000.00, 30, 7, '2024-04-02 18:36:41', '2024-04-02 18:37:25'),
(103, 'D\'LITE 5L', 27000.00, 3, 35, '2024-04-02 18:41:07', '2024-04-03 17:54:26'),
(104, 'SOJA 5L', 29000.00, 4, 35, '2024-04-02 18:42:26', '2024-04-02 18:43:18'),
(105, 'SOYOLA 2,5L', 14000.00, 6, 35, '2024-04-02 18:44:42', '2024-04-02 18:48:01'),
(106, 'SOJA 2,5L', 15000.00, 6, 35, '2024-04-02 18:49:04', '2024-04-02 18:49:31'),
(107, 'DIVINE POWER', 1500.00, 120, 7, '2024-04-02 18:51:56', '2024-04-02 18:52:35'),
(108, 'ECONOME MOUCHOIRS', 500.00, 500, 6, '2024-04-03 17:22:09', '2024-04-03 17:23:20'),
(109, 'NUMERO 1', 500.00, 44, 35, '2024-04-03 17:25:47', '2024-04-05 05:30:16'),
(110, 'AMAMA Biscuit', 500.00, 149, 35, '2024-04-03 17:28:09', '2024-04-03 17:54:26'),
(111, 'PAMPERS SOFTCARE', 1000.00, 41, 6, '2024-04-03 17:30:01', '2024-04-04 17:54:45'),
(112, 'CINTHOL GM', 3000.00, 48, 8, '2024-04-04 17:44:22', '2024-04-04 17:47:05'),
(113, 'SAVON MUNGANGA', 1000.00, 60, 8, '2024-04-04 17:47:39', '2024-04-04 17:48:51'),
(114, 'NIDO 400g', 16000.00, 12, 35, '2024-04-04 17:49:34', '2024-04-04 17:50:25'),
(116, 'COWBELL 400g', 12500.00, 24, 35, '2024-04-04 17:51:08', '2024-04-04 17:52:01'),
(117, 'COWBELL 900g', 26000.00, 12, 35, '2024-04-04 17:52:35', '2024-04-04 17:53:13');

-- --------------------------------------------------------

--
-- Structure de la table `categories`
--

CREATE TABLE `categories` (
  `id` bigint UNSIGNED NOT NULL,
  `nom` varchar(255) CHARACTER SET utf8mb4 COLLATE utf8mb4_unicode_ci NOT NULL,
  `created_at` timestamp NULL DEFAULT NULL,
  `updated_at` timestamp NULL DEFAULT NULL
) ENGINE=InnoDB DEFAULT CHARSET=utf8mb4 COLLATE=utf8mb4_unicode_ci;

--
-- Déchargement des données de la table `categories`
--

INSERT INTO `categories` (`id`, `nom`, `created_at`, `updated_at`) VALUES
(5, 'VIVRES', '2024-03-28 18:21:23', '2024-03-28 18:21:23'),
(6, 'DIVERS', '2024-03-28 18:22:12', '2024-03-28 18:22:12'),
(7, 'BOISSONS', '2024-03-28 18:22:35', '2024-03-28 18:22:35'),
(8, 'COSMETIQUES', '2024-03-28 18:23:01', '2024-03-28 18:23:01'),
(35, 'DIVERS MANGEABLES', '2024-03-28 19:10:43', '2024-03-28 19:10:43');

-- --------------------------------------------------------

--
-- Structure de la table `category_depenses`
--

CREATE TABLE `category_depenses` (
  `id` bigint UNSIGNED NOT NULL,
  `nom` varchar(255) CHARACTER SET utf8mb4 COLLATE utf8mb4_unicode_ci NOT NULL,
  `created_at` timestamp NULL DEFAULT NULL,
  `updated_at` timestamp NULL DEFAULT NULL
) ENGINE=InnoDB DEFAULT CHARSET=utf8mb4 COLLATE=utf8mb4_unicode_ci;

--
-- Déchargement des données de la table `category_depenses`
--

INSERT INTO `category_depenses` (`id`, `nom`, `created_at`, `updated_at`) VALUES
(14, 'ELECTRICITE', '2024-04-02 19:04:37', '2024-04-02 19:04:37'),
(15, 'TRANSPORT', '2024-04-02 19:04:54', '2024-04-02 19:04:54'),
(16, 'COMMUNICATION', '2024-04-02 19:05:28', '2024-04-02 19:05:28'),
(17, 'LUNCH', '2024-04-02 19:06:15', '2024-04-02 19:06:15'),
(18, 'AUTRES', '2024-04-02 19:09:13', '2024-04-02 19:09:13');

-- --------------------------------------------------------

--
-- Structure de la table `clients`
--

CREATE TABLE `clients` (
  `id` bigint UNSIGNED NOT NULL,
  `nom` varchar(255) CHARACTER SET utf8mb4 COLLATE utf8mb4_unicode_ci NOT NULL,
  `telephone` varchar(255) CHARACTER SET utf8mb4 COLLATE utf8mb4_unicode_ci DEFAULT NULL,
  `adresse` text CHARACTER SET utf8mb4 COLLATE utf8mb4_unicode_ci,
  `created_at` timestamp NULL DEFAULT NULL,
  `updated_at` timestamp NULL DEFAULT NULL
) ENGINE=InnoDB DEFAULT CHARSET=utf8mb4 COLLATE=utf8mb4_unicode_ci;

--
-- Déchargement des données de la table `clients`
--

INSERT INTO `clients` (`id`, `nom`, `telephone`, `adresse`, `created_at`, `updated_at`) VALUES
(6, 'APOTRE ROBIN', '0997831222', 'GOLF PLATEAU', '2024-03-30 21:49:26', '2024-03-30 21:49:26'),
(7, 'BENEDICT', '0962584123', 'KARAVIA', '2024-04-02 19:12:57', '2024-04-02 19:12:57');

-- --------------------------------------------------------

--
-- Structure de la table `depenses`
--

CREATE TABLE `depenses` (
  `id` bigint UNSIGNED NOT NULL,
  `montant` decimal(30,2) NOT NULL,
  `personne` text CHARACTER SET utf8mb4 COLLATE utf8mb4_unicode_ci NOT NULL,
  `date_depense` text CHARACTER SET utf8mb4 COLLATE utf8mb4_unicode_ci NOT NULL,
  `category_id` bigint UNSIGNED NOT NULL,
  `created_at` timestamp NULL DEFAULT NULL,
  `updated_at` timestamp NULL DEFAULT NULL
) ENGINE=InnoDB DEFAULT CHARSET=utf8mb4 COLLATE=utf8mb4_unicode_ci;

-- --------------------------------------------------------

--
-- Structure de la table `failed_jobs`
--

CREATE TABLE `failed_jobs` (
  `id` bigint UNSIGNED NOT NULL,
  `uuid` varchar(255) CHARACTER SET utf8mb4 COLLATE utf8mb4_unicode_ci NOT NULL,
  `connection` text CHARACTER SET utf8mb4 COLLATE utf8mb4_unicode_ci NOT NULL,
  `queue` text CHARACTER SET utf8mb4 COLLATE utf8mb4_unicode_ci NOT NULL,
  `payload` longtext CHARACTER SET utf8mb4 COLLATE utf8mb4_unicode_ci NOT NULL,
  `exception` longtext CHARACTER SET utf8mb4 COLLATE utf8mb4_unicode_ci NOT NULL,
  `failed_at` timestamp NOT NULL DEFAULT CURRENT_TIMESTAMP
) ENGINE=InnoDB DEFAULT CHARSET=utf8mb4 COLLATE=utf8mb4_unicode_ci;

-- --------------------------------------------------------

--
-- Structure de la table `migrations`
--

CREATE TABLE `migrations` (
  `id` int UNSIGNED NOT NULL,
  `migration` varchar(255) CHARACTER SET utf8mb4 COLLATE utf8mb4_unicode_ci NOT NULL,
  `batch` int NOT NULL
) ENGINE=InnoDB DEFAULT CHARSET=utf8mb4 COLLATE=utf8mb4_unicode_ci;

--
-- Déchargement des données de la table `migrations`
--

INSERT INTO `migrations` (`id`, `migration`, `batch`) VALUES
(1, '2014_10_12_000000_create_users_table', 1),
(2, '2014_10_12_100000_create_password_reset_tokens_table', 1),
(3, '2019_08_19_000000_create_failed_jobs_table', 1),
(4, '2019_12_14_000001_create_personal_access_tokens_table', 1),
(5, '2023_10_10_093401_create_clients_table', 1),
(6, '2023_10_10_104254_create_categories_table', 1),
(7, '2023_10_10_114519_create_articles_table', 1),
(8, '2023_10_11_195048_create_approvisionnements_table', 1),
(9, '2023_10_12_101115_create_ventes_table', 1),
(10, '2024_03_17_013046_create_category_depenses_table', 2);

-- --------------------------------------------------------

--
-- Structure de la table `password_reset_tokens`
--

CREATE TABLE `password_reset_tokens` (
  `email` varchar(255) CHARACTER SET utf8mb4 COLLATE utf8mb4_unicode_ci NOT NULL,
  `token` varchar(255) CHARACTER SET utf8mb4 COLLATE utf8mb4_unicode_ci NOT NULL,
  `created_at` timestamp NULL DEFAULT NULL
) ENGINE=InnoDB DEFAULT CHARSET=utf8mb4 COLLATE=utf8mb4_unicode_ci;

-- --------------------------------------------------------

--
-- Structure de la table `personal_access_tokens`
--

CREATE TABLE `personal_access_tokens` (
  `id` bigint UNSIGNED NOT NULL,
  `tokenable_type` varchar(255) CHARACTER SET utf8mb4 COLLATE utf8mb4_unicode_ci NOT NULL,
  `tokenable_id` bigint UNSIGNED NOT NULL,
  `name` varchar(255) CHARACTER SET utf8mb4 COLLATE utf8mb4_unicode_ci NOT NULL,
  `token` varchar(64) CHARACTER SET utf8mb4 COLLATE utf8mb4_unicode_ci NOT NULL,
  `abilities` text CHARACTER SET utf8mb4 COLLATE utf8mb4_unicode_ci,
  `last_used_at` timestamp NULL DEFAULT NULL,
  `expires_at` timestamp NULL DEFAULT NULL,
  `created_at` timestamp NULL DEFAULT NULL,
  `updated_at` timestamp NULL DEFAULT NULL
) ENGINE=InnoDB DEFAULT CHARSET=utf8mb4 COLLATE=utf8mb4_unicode_ci;

-- --------------------------------------------------------

--
-- Structure de la table `users`
--

CREATE TABLE `users` (
  `id` bigint UNSIGNED NOT NULL,
  `name` varchar(255) CHARACTER SET utf8mb4 COLLATE utf8mb4_unicode_ci NOT NULL,
  `email` varchar(255) CHARACTER SET utf8mb4 COLLATE utf8mb4_unicode_ci NOT NULL,
  `email_verified_at` timestamp NULL DEFAULT NULL,
  `password` varchar(255) CHARACTER SET utf8mb4 COLLATE utf8mb4_unicode_ci NOT NULL,
  `remember_token` varchar(100) CHARACTER SET utf8mb4 COLLATE utf8mb4_unicode_ci DEFAULT NULL,
  `created_at` timestamp NULL DEFAULT NULL,
  `updated_at` timestamp NULL DEFAULT NULL
) ENGINE=InnoDB DEFAULT CHARSET=utf8mb4 COLLATE=utf8mb4_unicode_ci;

--
-- Déchargement des données de la table `users`
--

INSERT INTO `users` (`id`, `name`, `email`, `email_verified_at`, `password`, `remember_token`, `created_at`, `updated_at`) VALUES
(1, 'Admin', 'admin@gmail.com', NULL, '$2y$10$NRU73hV4Szc1X.5kcfpmC.JV6enTbci4u0olYr90YrIr9VYGN2aGC', NULL, '2024-03-16 11:58:43', '2024-03-16 11:58:43');

-- --------------------------------------------------------

--
-- Structure de la table `ventes`
--

CREATE TABLE `ventes` (
  `id` bigint UNSIGNED NOT NULL,
  `libelle` varchar(255) CHARACTER SET utf8mb4 COLLATE utf8mb4_unicode_ci NOT NULL,
  `quantite` decimal(30,2) NOT NULL,
  `prix_vente` decimal(30,2) NOT NULL,
  `prix_tot` decimal(30,2) NOT NULL,
  `bonus` decimal(30,2) NOT NULL DEFAULT '0.00',
  `client_id` bigint UNSIGNED NOT NULL,
  `article_id` bigint UNSIGNED NOT NULL,
  `status` tinyint(1) NOT NULL DEFAULT '0',
  `created_at` timestamp NULL DEFAULT NULL,
  `updated_at` timestamp NULL DEFAULT NULL
) ENGINE=InnoDB DEFAULT CHARSET=utf8mb4 COLLATE=utf8mb4_unicode_ci;

--
-- Déchargement des données de la table `ventes`
--

INSERT INTO `ventes` (`id`, `libelle`, `quantite`, `prix_vente`, `prix_tot`, `bonus`, `client_id`, `article_id`, `status`, `created_at`, `updated_at`) VALUES
(16, 'MAYONNAISE 500 ML', 6.00, 9000.00, 54000.00, 0.00, 6, 13, 0, '2024-03-30 21:49:50', '2024-03-30 21:49:50'),
(17, 'CULINO MAYO', 1.00, 8500.00, 8500.00, 0.00, 6, 78, 0, '2024-03-30 21:49:51', '2024-03-30 21:49:51'),
(18, 'EXTRA BISCO', 4.00, 500.00, 2000.00, 0.00, 6, 42, 0, '2024-03-30 21:49:51', '2024-03-30 21:49:51'),
(19, 'BORA JUS', 2.00, 500.00, 1000.00, 0.00, 6, 79, 0, '2024-03-30 21:49:51', '2024-03-30 21:49:51'),
(20, 'MOUCHOIRS', 4.00, 500.00, 2000.00, 0.00, 6, 76, 0, '2024-03-30 21:49:51', '2024-03-30 21:49:51'),
(21, 'FLASH SARDINES', 4.00, 2500.00, 10000.00, 0.00, 6, 38, 0, '2024-03-30 21:49:51', '2024-03-30 21:49:51'),
(22, 'BAYGON GM', 1.00, 8000.00, 8000.00, 0.00, 6, 22, 0, '2024-03-30 21:49:51', '2024-03-30 21:49:51'),
(23, 'OXFORD PM', 1.00, 6500.00, 6500.00, 0.00, 6, 33, 0, '2024-03-30 21:49:51', '2024-03-30 21:49:51'),
(24, 'VINNIC PILES', 4.00, 400.00, 1600.00, 0.00, 6, 71, 0, '2024-03-30 21:49:51', '2024-03-30 21:49:51'),
(25, 'EAU', 14.00, 500.00, 7000.00, 0.00, 6, 31, 0, '2024-03-30 21:49:51', '2024-03-30 21:49:51'),
(26, 'VINAIGRE', 1.00, 1000.00, 1000.00, 0.00, 6, 35, 0, '2024-03-30 21:49:51', '2024-03-30 21:49:51'),
(27, 'CARTE TITANIC', 1.00, 500.00, 500.00, 0.00, 6, 39, 0, '2024-03-30 21:49:51', '2024-03-30 21:49:51'),
(28, 'MALTI PM', 2.00, 1500.00, 3000.00, 0.00, 6, 80, 0, '2024-03-30 21:49:51', '2024-03-30 21:49:51'),
(29, 'Piles touches', 4.00, 600.00, 2400.00, 0.00, 6, 26, 0, '2024-03-30 21:49:51', '2024-03-30 21:49:51'),
(30, 'BOUGIE', 2.00, 500.00, 1000.00, 0.00, 6, 48, 0, '2024-03-30 21:49:51', '2024-03-30 21:49:51'),
(31, 'EXTRA BISCO', 7.00, 500.00, 3500.00, 0.00, 6, 42, 0, '2024-04-01 20:14:52', '2024-04-01 20:14:52'),
(32, 'EAU', 2.00, 500.00, 1000.00, 0.00, 6, 31, 0, '2024-04-01 20:14:52', '2024-04-01 20:14:52'),
(33, 'MOUCHOIRS', 2.00, 500.00, 1000.00, 0.00, 6, 76, 0, '2024-04-01 20:14:52', '2024-04-01 20:14:52'),
(34, 'Pile TOUCH', 12.00, 400.00, 4800.00, 0.00, 6, 26, 0, '2024-04-01 20:14:52', '2024-04-01 20:14:52'),
(35, 'BISCUIT VAP', 2.00, 500.00, 1000.00, 0.00, 6, 36, 0, '2024-04-01 20:14:52', '2024-04-01 20:14:52'),
(36, 'CIGOME', 4.00, 100.00, 400.00, 0.00, 6, 64, 0, '2024-04-01 20:14:53', '2024-04-01 20:14:53'),
(37, 'FLASH SARDINES', 10.00, 2500.00, 25000.00, 0.00, 6, 38, 0, '2024-04-01 20:14:53', '2024-04-01 20:14:53'),
(38, 'MAYONNAISE 500 ML', 2.00, 9000.00, 18000.00, 0.00, 6, 13, 0, '2024-04-01 20:14:53', '2024-04-01 20:14:53'),
(39, 'VIN AUTUMN', 4.00, 8500.00, 34000.00, 0.00, 6, 34, 0, '2024-04-01 20:14:53', '2024-04-01 20:14:53'),
(40, 'EAU', 8.00, 500.00, 4000.00, 0.00, 6, 31, 0, '2024-04-02 19:02:39', '2024-04-02 19:02:39'),
(41, 'CINTHOL', 1.00, 2000.00, 2000.00, 0.00, 6, 40, 0, '2024-04-02 19:02:39', '2024-04-02 19:02:39'),
(42, 'JUS YESS', 10.00, 500.00, 5000.00, 0.00, 6, 82, 0, '2024-04-02 19:02:39', '2024-04-02 19:02:39'),
(43, 'CRYSTAL BOMBON', 5.00, 100.00, 500.00, 0.00, 6, 70, 0, '2024-04-02 19:02:39', '2024-04-02 19:02:39'),
(44, 'RONI 400g spaguetti', 1.00, 3000.00, 3000.00, 0.00, 6, 6, 0, '2024-04-02 19:02:39', '2024-04-02 19:02:39'),
(45, 'EXTRA BISCO', 8.00, 500.00, 4000.00, 0.00, 6, 42, 0, '2024-04-02 19:02:39', '2024-04-02 19:02:39'),
(46, 'VINNIC PILES', 3.00, 400.00, 1200.00, 0.00, 6, 71, 0, '2024-04-02 19:02:39', '2024-04-02 19:02:39'),
(47, 'MALTI PM', 1.00, 1500.00, 1500.00, 0.00, 6, 80, 0, '2024-04-02 19:02:39', '2024-04-02 19:02:39'),
(48, 'BOOM 1,5Kg', 1.00, 14000.00, 14000.00, 0.00, 6, 92, 0, '2024-04-02 19:02:40', '2024-04-02 19:02:40'),
(49, 'RONI 200g spaguetti', 1.00, 1500.00, 1500.00, 0.00, 6, 5, 0, '2024-04-02 19:02:40', '2024-04-02 19:02:40'),
(50, 'MUSKITO', 1.00, 1500.00, 1500.00, 0.00, 6, 47, 0, '2024-04-02 19:02:40', '2024-04-02 19:02:40'),
(51, 'TONGUE CIGOME', 1.00, 50.00, 50.00, 0.00, 6, 74, 0, '2024-04-02 19:02:40', '2024-04-02 19:02:40'),
(52, 'CIGOME', 7.00, 100.00, 700.00, 0.00, 6, 64, 0, '2024-04-02 19:02:40', '2024-04-02 19:02:40'),
(53, 'SUPERSHAKE GM', 1.00, 2000.00, 2000.00, 0.00, 7, 84, 0, '2024-04-02 19:13:21', '2024-04-02 19:13:21'),
(54, 'FLASH SARDINES', 2.00, 2500.00, 5000.00, 0.00, 6, 38, 0, '2024-04-03 17:54:24', '2024-04-03 17:54:24'),
(55, 'EAU', 22.00, 500.00, 11000.00, 0.00, 6, 31, 0, '2024-04-03 17:54:24', '2024-04-03 17:54:24'),
(56, 'EXTRA BISCO', 4.00, 500.00, 2000.00, 0.00, 6, 42, 0, '2024-04-03 17:54:24', '2024-04-03 17:54:24'),
(57, 'JUS YESS', 58.00, 500.00, 29000.00, 0.00, 6, 82, 0, '2024-04-03 17:54:25', '2024-04-03 17:54:25'),
(58, 'MILKIT PM', 6.00, 1000.00, 6000.00, 0.00, 6, 87, 0, '2024-04-03 17:54:25', '2024-04-03 17:54:25'),
(59, 'MILKIT GM', 3.00, 2000.00, 6000.00, 0.00, 6, 88, 0, '2024-04-03 17:54:25', '2024-04-03 17:54:25'),
(60, 'FRANCE LAIT', 1.00, 22000.00, 22000.00, 0.00, 6, 44, 0, '2024-04-03 17:54:25', '2024-04-03 17:54:25'),
(61, 'FRUTICANA SMOOTH', 1.00, 2000.00, 2000.00, 0.00, 6, 90, 0, '2024-04-03 17:54:25', '2024-04-03 17:54:25'),
(62, 'JUWISY', 1.00, 1000.00, 1000.00, 0.00, 6, 85, 0, '2024-04-03 17:54:25', '2024-04-03 17:54:25'),
(63, 'COWBELL', 1.00, 500.00, 500.00, 0.00, 6, 43, 0, '2024-04-03 17:54:25', '2024-04-03 17:54:25'),
(64, 'NUMERO 1', 3.00, 500.00, 1500.00, 0.00, 6, 109, 0, '2024-04-03 17:54:25', '2024-04-03 17:54:25'),
(65, 'BOUGIE', 1.00, 500.00, 500.00, 0.00, 6, 48, 0, '2024-04-03 17:54:25', '2024-04-03 17:54:25'),
(66, 'RONI 200g spaguetti', 1.00, 1500.00, 1500.00, 0.00, 6, 5, 0, '2024-04-03 17:54:25', '2024-04-03 17:54:25'),
(67, 'APPY', 1.00, 1500.00, 1500.00, 0.00, 6, 95, 0, '2024-04-03 17:54:26', '2024-04-03 17:54:26'),
(68, 'BISCUIT VAP', 2.00, 500.00, 1000.00, 0.00, 6, 36, 0, '2024-04-03 17:54:26', '2024-04-03 17:54:26'),
(69, 'PAMPERS SOFTCARE', 5.00, 1000.00, 5000.00, 0.00, 6, 111, 0, '2024-04-03 17:54:26', '2024-04-03 17:54:26'),
(70, 'AMAMA Biscuit', 1.00, 500.00, 500.00, 0.00, 6, 110, 0, '2024-04-03 17:54:26', '2024-04-03 17:54:26'),
(71, 'BORA JUS', 2.00, 500.00, 1000.00, 0.00, 6, 79, 0, '2024-04-03 17:54:26', '2024-04-03 17:54:26'),
(72, 'PETIT BEURE BISCUIT', 3.00, 150.00, 450.00, 0.00, 6, 86, 0, '2024-04-03 17:54:26', '2024-04-03 17:54:26'),
(73, 'D\'LITE 5L', 1.00, 27000.00, 27000.00, 0.00, 6, 103, 0, '2024-04-03 17:54:26', '2024-04-03 17:54:26'),
(74, 'FANTA GROS', 1.00, 4000.00, 4000.00, 0.00, 6, 98, 0, '2024-04-03 17:54:26', '2024-04-03 17:54:26'),
(75, 'LIFE BUOY SAVON', 1.00, 2500.00, 2500.00, 0.00, 6, 57, 0, '2024-04-03 17:54:26', '2024-04-03 17:54:26'),
(76, 'SACHET 08', 2.00, 1000.00, 2000.00, 0.00, 7, 60, 0, '2024-04-05 05:30:16', '2024-04-05 05:30:16'),
(77, 'MILKIT PM', 1.00, 1000.00, 1000.00, 0.00, 7, 87, 0, '2024-04-05 05:30:16', '2024-04-05 05:30:16'),
(78, 'FANTA MADO', 1.00, 1500.00, 1500.00, 0.00, 7, 100, 0, '2024-04-05 05:30:16', '2024-04-05 05:30:16'),
(79, 'APPY', 1.00, 1500.00, 1500.00, 0.00, 7, 95, 0, '2024-04-05 05:30:16', '2024-04-05 05:30:16'),
(80, 'NUMERO 1', 3.00, 500.00, 1500.00, 0.00, 7, 109, 0, '2024-04-05 05:30:16', '2024-04-05 05:30:16'),
(81, 'EAU', 9.00, 500.00, 4500.00, 0.00, 7, 31, 0, '2024-04-05 05:30:16', '2024-04-05 05:30:16'),
(82, 'COCA MOYEN', 1.00, 2000.00, 2000.00, 0.00, 7, 101, 0, '2024-04-05 05:30:16', '2024-04-05 05:30:16'),
(83, 'FANTA GROS', 1.00, 4000.00, 4000.00, 0.00, 7, 98, 0, '2024-04-05 05:30:16', '2024-04-05 05:30:16'),
(84, 'BROSSE VIP', 1.00, 700.00, 700.00, 0.00, 7, 63, 0, '2024-04-05 05:30:16', '2024-04-05 05:30:16'),
(85, 'EXTRA BISCO', 2.00, 500.00, 1000.00, 0.00, 7, 42, 0, '2024-04-05 05:30:17', '2024-04-05 05:30:17'),
(86, 'JUWISY', 2.00, 1000.00, 2000.00, 0.00, 7, 85, 0, '2024-04-05 05:30:17', '2024-04-05 05:30:17'),
(87, 'CIGOME', 2.00, 100.00, 200.00, 0.00, 7, 64, 0, '2024-04-05 05:30:17', '2024-04-05 05:30:17'),
(88, 'TONGUE CIGOME', 4.00, 50.00, 200.00, 0.00, 7, 74, 0, '2024-04-05 05:30:17', '2024-04-05 05:30:17'),
(89, 'FRUTICANA SMOOTH', 1.00, 2000.00, 2000.00, 0.00, 7, 90, 0, '2024-04-05 05:30:17', '2024-04-05 05:30:17'),
(90, 'TEXAS gros', 1.00, 9000.00, 9000.00, 0.00, 7, 10, 0, '2024-04-05 05:30:17', '2024-04-05 05:30:17'),
(91, 'VIN AUTUMN', 1.00, 8500.00, 8500.00, 0.00, 7, 34, 0, '2024-04-05 05:30:17', '2024-04-05 05:30:17'),
(92, 'JUS YESS', 16.00, 500.00, 8000.00, 0.00, 7, 82, 0, '2024-04-05 05:30:17', '2024-04-05 05:30:17'),
(93, 'MAYONNAISE 1000 ML', 10.00, 19000.00, 190000.00, 0.00, 6, 14, 0, '2024-04-08 18:31:07', '2024-04-08 18:31:07');

--
-- Index pour les tables déchargées
--

--
-- Index pour la table `approvisionnements`
--
ALTER TABLE `approvisionnements`
  ADD PRIMARY KEY (`id`),
  ADD KEY `approvisionnements_article_id_foreign` (`article_id`);

--
-- Index pour la table `articles`
--
ALTER TABLE `articles`
  ADD PRIMARY KEY (`id`),
  ADD UNIQUE KEY `articles_designation_unique` (`designation`),
  ADD KEY `articles_category_id_foreign` (`category_id`);

--
-- Index pour la table `categories`
--
ALTER TABLE `categories`
  ADD PRIMARY KEY (`id`),
  ADD UNIQUE KEY `categories_nom_unique` (`nom`);

--
-- Index pour la table `category_depenses`
--
ALTER TABLE `category_depenses`
  ADD PRIMARY KEY (`id`),
  ADD UNIQUE KEY `category_depenses_nom_unique` (`nom`);

--
-- Index pour la table `clients`
--
ALTER TABLE `clients`
  ADD PRIMARY KEY (`id`),
  ADD UNIQUE KEY `clients_nom_unique` (`nom`);

--
-- Index pour la table `depenses`
--
ALTER TABLE `depenses`
  ADD PRIMARY KEY (`id`),
  ADD KEY `category_id` (`category_id`) USING BTREE;

--
-- Index pour la table `failed_jobs`
--
ALTER TABLE `failed_jobs`
  ADD PRIMARY KEY (`id`),
  ADD UNIQUE KEY `failed_jobs_uuid_unique` (`uuid`);

--
-- Index pour la table `migrations`
--
ALTER TABLE `migrations`
  ADD PRIMARY KEY (`id`);

--
-- Index pour la table `password_reset_tokens`
--
ALTER TABLE `password_reset_tokens`
  ADD PRIMARY KEY (`email`);

--
-- Index pour la table `personal_access_tokens`
--
ALTER TABLE `personal_access_tokens`
  ADD PRIMARY KEY (`id`),
  ADD UNIQUE KEY `personal_access_tokens_token_unique` (`token`),
  ADD KEY `personal_access_tokens_tokenable_type_tokenable_id_index` (`tokenable_type`,`tokenable_id`);

--
-- Index pour la table `users`
--
ALTER TABLE `users`
  ADD PRIMARY KEY (`id`),
  ADD UNIQUE KEY `users_email_unique` (`email`);

--
-- Index pour la table `ventes`
--
ALTER TABLE `ventes`
  ADD PRIMARY KEY (`id`),
  ADD KEY `ventes_client_id_foreign` (`client_id`),
  ADD KEY `ventes_article_id_foreign` (`article_id`);

--
-- AUTO_INCREMENT pour les tables déchargées
--

--
-- AUTO_INCREMENT pour la table `approvisionnements`
--
ALTER TABLE `approvisionnements`
  MODIFY `id` bigint UNSIGNED NOT NULL AUTO_INCREMENT, AUTO_INCREMENT=116;

--
-- AUTO_INCREMENT pour la table `articles`
--
ALTER TABLE `articles`
  MODIFY `id` bigint UNSIGNED NOT NULL AUTO_INCREMENT, AUTO_INCREMENT=118;

--
-- AUTO_INCREMENT pour la table `categories`
--
ALTER TABLE `categories`
  MODIFY `id` bigint UNSIGNED NOT NULL AUTO_INCREMENT, AUTO_INCREMENT=36;

--
-- AUTO_INCREMENT pour la table `category_depenses`
--
ALTER TABLE `category_depenses`
  MODIFY `id` bigint UNSIGNED NOT NULL AUTO_INCREMENT, AUTO_INCREMENT=19;

--
-- AUTO_INCREMENT pour la table `clients`
--
ALTER TABLE `clients`
  MODIFY `id` bigint UNSIGNED NOT NULL AUTO_INCREMENT, AUTO_INCREMENT=8;

--
-- AUTO_INCREMENT pour la table `depenses`
--
ALTER TABLE `depenses`
  MODIFY `id` bigint UNSIGNED NOT NULL AUTO_INCREMENT, AUTO_INCREMENT=11;

--
-- AUTO_INCREMENT pour la table `failed_jobs`
--
ALTER TABLE `failed_jobs`
  MODIFY `id` bigint UNSIGNED NOT NULL AUTO_INCREMENT;

--
-- AUTO_INCREMENT pour la table `migrations`
--
ALTER TABLE `migrations`
  MODIFY `id` int UNSIGNED NOT NULL AUTO_INCREMENT, AUTO_INCREMENT=11;

--
-- AUTO_INCREMENT pour la table `personal_access_tokens`
--
ALTER TABLE `personal_access_tokens`
  MODIFY `id` bigint UNSIGNED NOT NULL AUTO_INCREMENT;

--
-- AUTO_INCREMENT pour la table `users`
--
ALTER TABLE `users`
  MODIFY `id` bigint UNSIGNED NOT NULL AUTO_INCREMENT, AUTO_INCREMENT=2;

--
-- AUTO_INCREMENT pour la table `ventes`
--
ALTER TABLE `ventes`
  MODIFY `id` bigint UNSIGNED NOT NULL AUTO_INCREMENT, AUTO_INCREMENT=94;

--
-- Contraintes pour les tables déchargées
--

--
-- Contraintes pour la table `approvisionnements`
--
ALTER TABLE `approvisionnements`
  ADD CONSTRAINT `approvisionnements_article_id_foreign` FOREIGN KEY (`article_id`) REFERENCES `articles` (`id`) ON DELETE CASCADE;

--
-- Contraintes pour la table `articles`
--
ALTER TABLE `articles`
  ADD CONSTRAINT `articles_category_id_foreign` FOREIGN KEY (`category_id`) REFERENCES `categories` (`id`) ON DELETE CASCADE;

--
-- Contraintes pour la table `depenses`
--
ALTER TABLE `depenses`
  ADD CONSTRAINT `depenses_ibfk_1` FOREIGN KEY (`category_id`) REFERENCES `category_depenses` (`id`) ON DELETE CASCADE ON UPDATE CASCADE;

--
-- Contraintes pour la table `ventes`
--
ALTER TABLE `ventes`
  ADD CONSTRAINT `ventes_article_id_foreign` FOREIGN KEY (`article_id`) REFERENCES `articles` (`id`) ON DELETE CASCADE,
  ADD CONSTRAINT `ventes_client_id_foreign` FOREIGN KEY (`client_id`) REFERENCES `clients` (`id`) ON DELETE CASCADE;
COMMIT;

/*!40101 SET CHARACTER_SET_CLIENT=@OLD_CHARACTER_SET_CLIENT */;
/*!40101 SET CHARACTER_SET_RESULTS=@OLD_CHARACTER_SET_RESULTS */;
/*!40101 SET COLLATION_CONNECTION=@OLD_COLLATION_CONNECTION */;
